Id,Name
001DL00002XRYvGYAX,Zenith3 Corp
001DL00002XRYvHYAX,Micro3 Inc
001DL00002XRZ31YAH,Zenith7 Corp
001DL00002XRYvBYAX,Zenith2 Corp
001DL00002XRYvCYAX,Micro2 Inc
001DL00002XRYvMYAX,Micro4 Inc
001DL00002XRYxWYAX,Zenith5 Corp
001DL00002XRYxXYAX,Micro5 Inc
001DL00002XRYvRYAX,Micro4 Inc
001DL00002XRYv1YAH,Zenith2 Corp
001DL00002XRYv2YAH,Micro2 Inc
001DL00002XRZ2wYAH,Zenith6 Corp
001DL00002XRZ2xYAH,Micro6666 Corp
001DL00002XRZ3LYAX,All See World
001DL00002XRYv6YAH,Zenith2 Corp
001DL00002XRYv7YAH,Micro2 Inc
001DL00002XRYPQYA5,Magnum Corp
001DL00002XRYPVYA5,Zenith2 Corp
001DL00002XRYOIYA5,Great Farms World
001DL00002XRZ2lYAH,Zenith5 Corp
001DL00002XRZ2mYAH,Micro5 Inc
001DL00002XRZ3kYAH,Zenith8 Corp
001DL00002XRZ3lYAH,Micro8 Inc
001DL00002XRVeIYAX,Sample Account for Entitlements
